curvature_step_per_m,shape,effective_radius_um,input_mode,output_group,neff_interpolation,output_power,guided_mode_steps,interpolated_mode_steps,tracking_conflicts
5000,full_euler,40,TE0,TE0,False,0.8633358478546143,0,0,0
5000,full_euler,40,TE0,TE0,True,0.8684048652648926,104,86,0
5000,full_euler,40,TE0,TE1,False,0.019197294488549232,0,0,0
5000,full_euler,40,TE0,TE1,True,0.01777445338666439,104,86,0
5000,full_euler,40,TE0,TE2+,False,0.10163840651512146,0,0,0
5000,full_euler,40,TE0,TE2+,True,0.09804534167051315,104,86,0
5000,full_euler,40,TE1,TE0,False,0.019134879112243652,0,0,0
5000,full_euler,40,TE1,TE0,True,0.01766139268875122,104,86,0
5000,full_euler,40,TE1,TE1,False,0.5352105498313904,0,0,0
5000,full_euler,40,TE1,TE1,True,0.5415417551994324,104,86,0
5000,full_euler,40,TE1,TE2+,False,0.3767227530479431,0,0,0
5000,full_euler,40,TE1,TE2+,True,0.3721655607223511,104,86,0
5000,full_euler,42,TE0,TE0,False,0.8447386622428894,0,0,0
5000,full_euler,42,TE0,TE0,True,0.8507019281387329,102,86,0
5000,full_euler,42,TE0,TE1,False,0.039473362267017365,0,0,0
5000,full_euler,42,TE0,TE1,True,0.03688403218984604,102,86,0
5000,full_euler,42,TE0,TE2+,False,0.10551658272743225,0,0,0
5000,full_euler,42,TE0,TE2+,True,0.10225167125463486,102,86,0
5000,full_euler,42,TE1,TE0,False,0.039548229426145554,0,0,0
5000,full_euler,42,TE1,TE0,True,0.036933109164237976,102,86,0
5000,full_euler,42,TE1,TE1,False,0.6479665637016296,0,0,0
5000,full_euler,42,TE1,TE1,True,0.647746741771698,102,86,0
5000,full_euler,42,TE1,TE2+,False,0.265546590089798,0,0,0
5000,full_euler,42,TE1,TE2+,True,0.2684503197669983,102,86,0
5000,full_euler,44,TE0,TE0,False,0.8131240606307983,0,0,0
5000,full_euler,44,TE0,TE0,True,0.8142401576042175,100,84,0
5000,full_euler,44,TE0,TE1,False,0.07817880809307098,0,0,0
5000,full_euler,44,TE0,TE1,True,0.07952477782964706,100,84,0
5000,full_euler,44,TE0,TE2+,False,0.10344581305980682,0,0,0
5000,full_euler,44,TE0,TE2+,True,0.10082121193408966,100,84,0
5000,full_euler,44,TE1,TE0,False,0.07831420749425888,0,0,0
5000,full_euler,44,TE1,TE0,True,0.07965307682752609,100,84,0
5000,full_euler,44,TE1,TE1,False,0.6918986439704895,0,0,0
5000,full_euler,44,TE1,TE1,True,0.6983084678649902,100,84,0
5000,full_euler,44,TE1,TE2+,False,0.1988138109445572,0,0,0
5000,full_euler,44,TE1,TE2+,True,0.19093988835811615,100,84,0
5000,full_euler,46,TE0,TE0,False,0.7408701777458191,0,0,0
5000,full_euler,46,TE0,TE0,True,0.7505080103874207,98,82,0
5000,full_euler,46,TE0,TE1,False,0.16269434988498688,0,0,0
5000,full_euler,46,TE0,TE1,True,0.15623977780342102,98,82,0
5000,full_euler,46,TE0,TE2+,False,0.0934087485074997,0,0,0
5000,full_euler,46,TE0,TE2+,True,0.09024383127689362,98,82,0
5000,full_euler,46,TE1,TE0,False,0.16292200982570648,0,0,0
5000,full_euler,46,TE1,TE0,True,0.156436949968338,98,82,0
5000,full_euler,46,TE1,TE1,False,0.7142751812934875,0,0,0
5000,full_euler,46,TE1,TE1,True,0.7197347283363342,98,82,0
5000,full_euler,46,TE1,TE2+,False,0.1043345183134079,0,0,0
5000,full_euler,46,TE1,TE2+,True,0.1054082065820694,98,82,0
5000,full_euler,48,TE0,TE0,False,0.6686499118804932,0,0,0
5000,full_euler,48,TE0,TE0,True,0.6792483925819397,98,82,0
5000,full_euler,48,TE0,TE1,False,0.24984851479530334,0,0,0
5000,full_euler,48,TE0,TE1,True,0.24194812774658203,98,82,0
5000,full_euler,48,TE0,TE2+,False,0.07982126623392105,0,0,0
5000,full_euler,48,TE0,TE2+,True,0.07712339609861374,98,82,0
5000,full_euler,48,TE1,TE0,False,0.25012674927711487,0,0,0
5000,full_euler,48,TE1,TE0,True,0.2421848475933075,98,82,0
5000,full_euler,48,TE1,TE1,False,0.6847913265228271,0,0,0
5000,full_euler,48,TE1,TE1,True,0.6923360228538513,98,82,0
5000,full_euler,48,TE1,TE2+,False,0.05514787137508392,0,0,0
5000,full_euler,48,TE1,TE2+,True,0.05544077232480049,98,82,0
5000,full_euler,50,TE0,TE0,False,0.6112080216407776,0,0,0
5000,full_euler,50,TE0,TE0,True,0.6115178465843201,96,80,0
5000,full_euler,50,TE0,TE1,False,0.3220134079456329,0,0,0
5000,full_euler,50,TE0,TE1,True,0.3246589601039886,96,80,0
5000,full_euler,50,TE0,TE2+,False,0.0652945563197135,0,0,0
5000,full_euler,50,TE0,TE2+,True,0.0622765943408012,96,80,0
5000,full_euler,50,TE1,TE0,False,0.3222406208515167,0,0,0
5000,full_euler,50,TE1,TE0,True,0.3248657584190368,96,80,0
5000,full_euler,50,TE1,TE1,False,0.6368454694747925,0,0,0
5000,full_euler,50,TE1,TE1,True,0.6372178196907043,96,80,0
5000,full_euler,50,TE1,TE2+,False,0.0316093601286411,0,0,0
5000,full_euler,50,TE1,TE2+,True,0.0284355413168668,96,80,0
5000,full_euler,52,TE0,TE0,False,0.5129791498184204,0,0,0
5000,full_euler,52,TE0,TE0,True,0.5253576636314392,94,78,0
5000,full_euler,52,TE0,TE1,False,0.4370727837085724,0,0,0
5000,full_euler,52,TE0,TE1,True,0.42667192220687866,94,78,0
5000,full_euler,52,TE0,TE2+,False,0.048887696117162704,0,0,0
5000,full_euler,52,TE0,TE2+,True,0.04691045358777046,94,78,0
5000,full_euler,52,TE1,TE0,False,0.43732574582099915,0,0,0
5000,full_euler,52,TE1,TE0,True,0.4268580377101898,94,78,0
5000,full_euler,52,TE1,TE1,False,0.5446305274963379,0,0,0
5000,full_euler,52,TE1,TE1,True,0.5555601119995117,94,78,0
5000,full_euler,52,TE1,TE2+,False,0.01124685350805521,0,0,0
5000,full_euler,52,TE1,TE2+,True,0.01068232674151659,94,78,0
5000,full_euler,54,TE0,TE0,False,0.4397285580635071,0,0,0
5000,full_euler,54,TE0,TE0,True,0.45558446645736694,94,78,0
5000,full_euler,54,TE0,TE1,False,0.5221238732337952,0,0,0
5000,full_euler,54,TE0,TE1,True,0.5077635049819946,94,78,0
5000,full_euler,54,TE0,TE2+,False,0.03737056255340576,0,0,0
5000,full_euler,54,TE0,TE2+,True,0.03588486462831497,94,78,0
5000,full_euler,54,TE1,TE0,False,0.5223366618156433,0,0,0
5000,full_euler,54,TE1,TE0,True,0.5078945755958557,94,78,0
5000,full_euler,54,TE1,TE1,False,0.46142640709877014,0,0,0
5000,full_euler,54,TE1,TE1,True,0.4762393534183502,94,78,0
5000,full_euler,54,TE1,TE2+,False,0.011008952744305134,0,0,0
5000,full_euler,54,TE1,TE2+,True,0.010519623756408691,94,78,0
5000,full_euler,56,TE0,TE0,False,0.3989593982696533,0,0,0
5000,full_euler,56,TE0,TE0,True,0.40915584564208984,94,78,0
5000,full_euler,56,TE0,TE1,False,0.5713513493537903,0,0,0
5000,full_euler,56,TE0,TE1,True,0.5623852014541626,94,78,0
5000,full_euler,56,TE0,TE2+,False,0.029117237776517868,0,0,0
5000,full_euler,56,TE0,TE2+,True,0.02786743827164173,94,78,0
5000,full_euler,56,TE1,TE0,False,0.5714486241340637,0,0,0
5000,full_euler,56,TE1,TE0,True,0.5624231100082397,94,78,0
5000,full_euler,56,TE1,TE1,False,0.4087508022785187,0,0,0
5000,full_euler,56,TE1,TE1,True,0.4173150360584259,94,78,0
5000,full_euler,56,TE1,TE2+,False,0.015712371096014977,0,0,0
5000,full_euler,56,TE1,TE2+,True,0.015995394438505173,94,78,0
5000,full_euler,58,TE0,TE0,False,0.373373806476593,0,0,0
5000,full_euler,58,TE0,TE0,True,0.3779362142086029,92,76,0
5000,full_euler,58,TE0,TE1,False,0.6028866171836853,0,0,0
5000,full_euler,58,TE0,TE1,True,0.598986029624939,92,76,0
5000,full_euler,58,TE0,TE2+,False,0.02341846376657486,0,0,0
5000,full_euler,58,TE0,TE2+,True,0.02271011844277382,92,76,0
5000,full_euler,58,TE1,TE0,False,0.6029027104377747,0,0,0
5000,full_euler,58,TE1,TE0,True,0.5989692211151123,92,76,0
5000,full_euler,58,TE1,TE1,False,0.37276691198349,0,0,0
5000,full_euler,58,TE1,TE1,True,0.3745892345905304,92,76,0
5000,full_euler,58,TE1,TE2+,False,0.02232055366039276,0,0,0
5000,full_euler,58,TE1,TE2+,True,0.024215074256062508,92,76,0
5000,full_euler,60,TE0,TE0,False,0.32292357087135315,0,0,0
5000,full_euler,60,TE0,TE0,True,0.33480533957481384,92,76,0
5000,full_euler,60,TE0,TE1,False,0.65047287940979,0,0,0
5000,full_euler,60,TE0,TE1,True,0.6391487717628479,92,76,0
5000,full_euler,60,TE0,TE2+,False,0.02633325383067131,0,0,0
5000,full_euler,60,TE0,TE2+,True,0.02576359361410141,92,76,0
5000,full_euler,60,TE1,TE0,False,0.6504583358764648,0,0,0
5000,full_euler,60,TE1,TE0,True,0.6390822529792786,92,76,0
5000,full_euler,60,TE1,TE1,False,0.3036787211894989,0,0,0
5000,full_euler,60,TE1,TE1,True,0.31317758560180664,92,76,0
5000,full_euler,60,TE1,TE2+,False,0.04406217858195305,0,0,0
5000,full_euler,60,TE1,TE2+,True,0.04580084979534149,92,76,0
5000,partial_euler,40,TE0,TE0,False,0.6168363690376282,0,0,0
5000,partial_euler,40,TE0,TE0,True,0.6630327701568604,132,96,0
5000,partial_euler,40,TE0,TE1,False,0.1226072683930397,0,0,0
5000,partial_euler,40,TE0,TE1,True,0.06257379800081253,132,96,0
5000,partial_euler,40,TE0,TE2+,False,0.24806545674800873,0,0,0
5000,partial_euler,40,TE0,TE2+,True,0.26121658086776733,132,96,0
5000,partial_euler,40,TE1,TE0,False,0.12233295291662216,0,0,0
5000,partial_euler,40,TE1,TE0,True,0.06204770505428314,132,96,0
5000,partial_euler,40,TE1,TE1,False,0.27312445640563965,0,0,0
5000,partial_euler,40,TE1,TE1,True,0.41921085119247437,132,96,0
5000,partial_euler,40,TE1,TE2+,False,0.5412197709083557,0,0,0
5000,partial_euler,40,TE1,TE2+,True,0.4548422694206238,132,96,0
5000,partial_euler,42,TE0,TE0,False,0.6718273758888245,0,0,0
5000,partial_euler,42,TE0,TE0,True,0.6749821305274963,132,96,0
5000,partial_euler,42,TE0,TE1,False,0.048857469111680984,0,0,0
5000,partial_euler,42,TE0,TE1,True,0.04533021152019501,132,96,0
5000,partial_euler,42,TE0,TE2+,False,0.26812899112701416,0,0,0
5000,partial_euler,42,TE0,TE2+,True,0.26841026544570923,132,96,0
5000,partial_euler,42,TE1,TE0,False,0.048732150346040726,0,0,0
5000,partial_euler,42,TE1,TE0,True,0.04491756856441498,132,96,0
5000,partial_euler,42,TE1,TE1,False,0.46245869994163513,0,0,0
5000,partial_euler,42,TE1,TE1,True,0.48003295063972473,132,96,0
5000,partial_euler,42,TE1,TE2+,False,0.4315756559371948,0,0,0
5000,partial_euler,42,TE1,TE2+,True,0.417763888835907,132,96,0
5000,partial_euler,44,TE0,TE0,False,0.6401033997535706,0,0,0
5000,partial_euler,44,TE0,TE0,True,0.6811631321907043,128,116,0
5000,partial_euler,44,TE0,TE1,False,0.06905917823314667,0,0,0
5000,partial_euler,44,TE0,TE1,True,0.04341116547584534,128,116,0
5000,partial_euler,44,TE0,TE2+,False,0.28103071451187134,0,0,0
5000,partial_euler,44,TE0,TE2+,True,0.2662822902202606,128,116,0
5000,partial_euler,44,TE1,TE0,False,0.06923391669988632,0,0,0
5000,partial_euler,44,TE1,TE0,True,0.04316021874547005,128,116,0
5000,partial_euler,44,TE1,TE1,False,0.5851635932922363,0,0,0
5000,partial_euler,44,TE1,TE1,True,0.5499629378318787,128,116,0
5000,partial_euler,44,TE1,TE2+,False,0.295450896024704,0,0,0
5000,partial_euler,44,TE1,TE2+,True,0.35846570134162903,128,116,0
5000,partial_euler,46,TE0,TE0,False,0.5198636054992676,0,0,0
5000,partial_euler,46,TE0,TE0,True,0.6731299161911011,124,112,0
5000,partial_euler,46,TE0,TE1,False,0.21364183723926544,0,0,0
5000,partial_euler,46,TE0,TE1,True,0.06518799066543579,124,112,0
5000,partial_euler,46,TE0,TE2+,False,0.25811856985092163,0,0,0
5000,partial_euler,46,TE0,TE2+,True,0.2545722723007202,124,112,0
5000,partial_euler,46,TE1,TE0,False,0.2141273468732834,0,0,0
5000,partial_euler,46,TE1,TE0,True,0.06512180715799332,124,112,0
5000,partial_euler,46,TE1,TE1,False,0.5636088252067566,0,0,0
5000,partial_euler,46,TE1,TE1,True,0.6070898771286011,124,112,0
5000,partial_euler,46,TE1,TE2+,False,0.17993299663066864,0,0,0
5000,partial_euler,46,TE1,TE2+,True,0.2888382375240326,124,112,0
5000,partial_euler,48,TE0,TE0,False,0.6983600854873657,0,0,0
5000,partial_euler,48,TE0,TE0,True,0.5978236198425293,120,108,0
5000,partial_euler,48,TE0,TE1,False,0.0663101002573967,0,0,0
5000,partial_euler,48,TE0,TE1,True,0.16492566466331482,120,108,0
5000,partial_euler,48,TE0,TE2+,False,0.23389388620853424,0,0,0
5000,partial_euler,48,TE0,TE2+,True,0.2350175380706787,120,108,0
5000,partial_euler,48,TE1,TE0,False,0.06641557067632675,0,0,0
5000,partial_euler,48,TE1,TE0,True,0.16525939106941223,120,108,0
5000,partial_euler,48,TE1,TE1,False,0.6587650179862976,0,0,0
5000,partial_euler,48,TE1,TE1,True,0.6463568210601807,120,108,0
5000,partial_euler,48,TE1,TE2+,False,0.2644456624984741,0,0,0
5000,partial_euler,48,TE1,TE2+,True,0.17596957087516785,120,108,0
5000,partial_euler,50,TE0,TE0,False,0.5761373043060303,0,0,0
5000,partial_euler,50,TE0,TE0,True,0.5427565574645996,116,104,0
5000,partial_euler,50,TE0,TE1,False,0.2122016251087188,0,0,0
5000,partial_euler,50,TE0,TE1,True,0.2518855035305023,116,104,0
5000,partial_euler,50,TE0,TE2+,False,0.2102357447147369,0,0,0
5000,partial_euler,50,TE0,TE2+,True,0.2037199884653091,116,104,0
5000,partial_euler,50,TE1,TE0,False,0.2125790268182754,0,0,0
5000,partial_euler,50,TE1,TE0,True,0.2523595690727234,116,104,0
5000,partial_euler,50,TE1,TE1,False,0.6422750353813171,0,0,0
5000,partial_euler,50,TE1,TE1,True,0.6177230477333069,116,104,0
5000,partial_euler,50,TE1,TE2+,False,0.1364040225744247,0,0,0
5000,partial_euler,50,TE1,TE2+,True,0.1205985620617866,116,104,0
5000,partial_euler,52,TE0,TE0,False,0.40895333886146545,0,0,0
5000,partial_euler,52,TE0,TE0,True,0.4842614233493805,116,104,0
5000,partial_euler,52,TE0,TE1,False,0.4312368929386139,0,0,0
5000,partial_euler,52,TE0,TE1,True,0.348155677318573,116,104,0
5000,partial_euler,52,TE0,TE2+,False,0.15840163826942444,0,0,0
5000,partial_euler,52,TE0,TE2+,True,0.16629229485988617,116,104,0
5000,partial_euler,52,TE1,TE0,False,0.43183308839797974,0,0,0
5000,partial_euler,52,TE1,TE0,True,0.3487336039543152,116,104,0
5000,partial_euler,52,TE1,TE1,False,0.49081525206565857,0,0,0
5000,partial_euler,52,TE1,TE1,True,0.5640708208084106,116,104,0
5000,partial_euler,52,TE1,TE2+,False,0.07020792365074158,0,0,0
5000,partial_euler,52,TE1,TE2+,True,0.08017496019601822,116,104,0
5000,partial_euler,54,TE0,TE0,False,0.25212666392326355,0,0,0
5000,partial_euler,54,TE0,TE0,True,0.43016016483306885,112,100,0
5000,partial_euler,54,TE0,TE1,False,0.6457028388977051,0,0,0
5000,partial_euler,54,TE0,TE1,True,0.4401402771472931,112,100,0
5000,partial_euler,54,TE0,TE2+,False,0.10082272440195084,0,0,0
5000,partial_euler,54,TE0,TE2+,True,0.12859493494033813,112,100,0
5000,partial_euler,54,TE1,TE0,False,0.6464211940765381,0,0,0
5000,partial_euler,54,TE1,TE0,True,0.44078436493873596,112,100,0
5000,partial_euler,54,TE1,TE1,False,0.3042476773262024,0,0,0
5000,partial_euler,54,TE1,TE1,True,0.5009061098098755,112,100,0
5000,partial_euler,54,TE1,TE2+,False,0.04357434809207916,0,0,0
5000,partial_euler,54,TE1,TE2+,True,0.05288882181048393,112,100,0
5000,partial_euler,56,TE0,TE0,False,0.15751934051513672,0,0,0
5000,partial_euler,56,TE0,TE0,True,0.3822956383228302,112,100,0
5000,partial_euler,56,TE0,TE1,False,0.7833243608474731,0,0,0
5000,partial_euler,56,TE0,TE1,True,0.5223935842514038,112,100,0
5000,partial_euler,56,TE0,TE2+,False,0.057939913123846054,0,0,0
5000,partial_euler,56,TE0,TE2+,True,0.09438036382198334,112,100,0
5000,partial_euler,56,TE1,TE0,False,0.7840723991394043,0,0,0
5000,partial_euler,56,TE1,TE0,True,0.5230674743652344,112,100,0
5000,partial_euler,56,TE1,TE1,False,0.18052291870117188,0,0,0
5000,partial_euler,56,TE1,TE1,True,0.43777212500572205,112,100,0
5000,partial_euler,56,TE1,TE2+,False,0.030869143083691597,0,0,0
5000,partial_euler,56,TE1,TE2+,True,0.03514925017952919,112,100,0
5000,partial_euler,58,TE0,TE0,False,0.4422425627708435,0,0,0
5000,partial_euler,58,TE0,TE0,True,0.19502422213554382,116,96,0
5000,partial_euler,58,TE0,TE1,False,0.4772800803184509,0,0,0
5000,partial_euler,58,TE0,TE1,True,0.7459753751754761,116,96,0
5000,partial_euler,58,TE0,TE2+,False,0.0804053246974945,0,0,0
5000,partial_euler,58,TE0,TE2+,True,0.05881284922361374,116,96,0
5000,partial_euler,58,TE1,TE0,False,0.47727736830711365,0,0,0
5000,partial_euler,58,TE1,TE0,True,0.7460594773292542,116,96,0
5000,partial_euler,58,TE1,TE1,False,0.5064607858657837,0,0,0
5000,partial_euler,58,TE1,TE1,True,0.2230934351682663,116,96,0
5000,partial_euler,58,TE1,TE2+,False,0.015612941235303879,0,0,0
5000,partial_euler,58,TE1,TE2+,True,0.029472338035702705,116,96,0
5000,partial_euler,60,TE0,TE0,False,0.29032471776008606,0,0,0
5000,partial_euler,60,TE0,TE0,True,0.17067018151283264,116,96,0
5000,partial_euler,60,TE0,TE1,False,0.6570504903793335,0,0,0
5000,partial_euler,60,TE0,TE1,True,0.7826096415519714,116,96,0
5000,partial_euler,60,TE0,TE2+,False,0.05258234962821007,0,0,0
5000,partial_euler,60,TE0,TE2+,True,0.046616923063993454,116,96,0
5000,partial_euler,60,TE1,TE0,False,0.6570464372634888,0,0,0
5000,partial_euler,60,TE1,TE0,True,0.7826936841011047,116,96,0
5000,partial_euler,60,TE1,TE1,False,0.3227780759334564,0,0,0
5000,partial_euler,60,TE1,TE1,True,0.1846863180398941,116,96,0
5000,partial_euler,60,TE1,TE2+,False,0.019644882529973984,0,0,0
5000,partial_euler,60,TE1,TE2+,True,0.03166377544403076,116,96,0
