shape,effective_radius_um,input_mode,output_group,fdtd_power
full_euler,40,TE0,TE0,0.8745254109422381
full_euler,40,TE0,TE1,0.0184820740045898
full_euler,40,TE0,TE2+,0.0911361452201344
full_euler,40,TE1,TE0,0.0184808689344927
full_euler,40,TE1,TE1,0.5642733410500446
full_euler,40,TE1,TE2+,0.346763157795899
full_euler,50,TE0,TE0,0.5912547069957389
full_euler,50,TE0,TE1,0.3536955064287423
full_euler,50,TE0,TE2+,0.0536033169452404
full_euler,50,TE1,TE0,0.3539595262600771
full_euler,50,TE1,TE1,0.6169157726370299
full_euler,50,TE1,TE2+,0.0207218345553782
full_euler,60,TE0,TE0,0.3458908133680147
full_euler,60,TE0,TE1,0.6310833913302898
full_euler,60,TE0,TE2+,0.0224197472279463
full_euler,60,TE1,TE0,0.6315487109056935
full_euler,60,TE1,TE1,0.3239925756092779
full_euler,60,TE1,TE2+,0.0429765509840399
partial_euler,40,TE0,TE0,0.6499335180547661
partial_euler,40,TE0,TE1,0.0715309209981829
partial_euler,40,TE0,TE2+,0.2579457257411378
partial_euler,40,TE1,TE0,0.0715650577077315
partial_euler,40,TE1,TE1,0.3871960786673316
partial_euler,40,TE1,TE2+,0.4570932765095213
partial_euler,50,TE0,TE0,0.5352527468524874
partial_euler,50,TE0,TE1,0.270855513359262
partial_euler,50,TE0,TE2+,0.1917794016977792
partial_euler,50,TE1,TE0,0.2710488073708659
partial_euler,50,TE1,TE1,0.6027429839207312
partial_euler,50,TE1,TE2+,0.1155588753551158
partial_euler,60,TE0,TE0,0.2053388756536611
partial_euler,60,TE0,TE1,0.7556484341364714
partial_euler,60,TE0,TE2+,0.0383088509337091
partial_euler,60,TE1,TE0,0.7562188576858131
partial_euler,60,TE1,TE1,0.2251031501356196
partial_euler,60,TE1,TE2+,0.0180465141300569
